marker_key,marker_label,numerator,denominator,proportion,percent,ci_low,ci_high,direct_label
prospective,AI-specific prospective design,103,263,0.3916349809885932,39.163498098859314,0.3346084051611695,0.4517816098990408,103/263 (39.2%)
randomized,AI-workflow randomization,28,263,0.10646387832699619,10.646387832699618,0.07469153928511534,0.14956693645985875,28/263 (10.6%)
downstream_impact,"Decision, patient, or economic evaluation",14,263,0.053231939163498096,5.323193916349809,0.03197062709918322,0.08735662797361342,14/263 (5.3%)
clinical_decision,Clinical decision impact,7,263,0.026615969581749048,2.6615969581749046,0.012951360953858283,0.053910283782849636,7/263 (2.7%)
true_outcome,True patient outcome,7,263,0.026615969581749048,2.6615969581749046,0.012951360953858283,0.053910283782849636,7/263 (2.7%)
posted,Registry results posted,3,263,0.011406844106463879,1.1406844106463878,0.0038867975874823657,0.032994498385746286,3/263 (1.1%); completed: 3/72 (4.2%)
any_results,Any public results among completed,15,72,0.20833333333333334,20.833333333333336,0.13052054982100705,0.3156926341935933,15/72 (20.8%)
